harga,tahun,merk
Rp 25.000.000,2017,JUAL CEPAT Yamaha R15 v3 Upgrade Nego
Rp 17.500.000,2023,Yamaha Mio M3 125 (BARU)
Rp 5.000.000,2022,Volta 401 Motor Listrik (Bekas)
Rp 15.000.000,2018,Suzuki Smash 115 FI 2018 White.
Rp 50.000.000,2022,PIAGGIO PRIMAVERA S FACELIFT IGET ABS 150 AT 2022
Rp 50.000.000,2022,VESPA PRIMAVERA S FACELIFT IGET ABS 150 AT 2022
Rp 638.000.000,2020,AFRICA TWIN 1100 2IN AT 2020
Rp 12.300.000,2017,Xabre 2017 Cakep Gress
Rp 50.000.000,2022,PIAGGIO VESPA PRIMAVERA S FACELIFT IGET ABS 150 2022
Rp 50.000.000,2022,PIAGGIO PRIMAVERA S FACELIFT IGET ABS 150 2022
Rp 11.800.000,2016,R15 V2 2016 Cakep Gress
Rp 50.000.000,2022,PRIMAVERA S FACELIFT IGET ABS 150 2022
Rp 13.500.000,2017,Cbr Repsol 2017 Cakep Gress
Rp 17.500.000,2017,R15 V3 cakep ganteng
Rp 5.850.000,2014,Suzuki Satria F fu 150cc Tahun 2014 __ mesin original __
Rp 379.000.000,2023,Kawasaki ZX636 2023 R6 Z900 ZX6R
Rp 28.750.000,2012,Ninja 250 Fi Spek Modif hedon
Rp 11.950.000,2018,"Beat 2018, mulus, LIKE NEW !!"
Rp 58.500.000,2022,Cbr 250rr 2022 dijual
Rp 6.300.000,2009,Vario 2009 mesin bagus halus lengkap
